{
	"format_version": "1.8.0",
	"animations": {
		"idle": {
			"loop": true,
			"animation_length": 2,
			"bones": {
				"group6": {
					"rotation": {
						"0.0": {
							"vector": [-54.73561, -30, 35.26439]
						},
						"1.0": {
							"vector": [-305.26439, -30, 144.73561]
						},
						"2.0": {
							"vector": [-414.73561, -30, 35.26439]
						}
					}
				}
			}
		}
	}
}