{
	"format_version": "1.8.0",
	"animations": {
		"idle": {
			"loop": true,
			"animation_length": 2.6667,
			"bones": {
				"cicle": {
					"rotation": {
						"0.0": {
							"vector": [90, 0, 0]
						},
						"0.75": {
							"vector": [64.96182, 28.87909, 45.95539]
						},
						"1.0": {
							"vector": [90, 0, 0]
						},
						"1.5417": {
							"vector": [55.75973, -16.32555, -22.44031]
						},
						"1.8333": {
							"vector": [90, 0, 0]
						},
						"2.375": {
							"vector": [92.1519, -0.006, 0.03047]
						}
					},
					"position": {
						"0.0": {
							"vector": [0, 0, 0]
						},
						"0.75": {
							"vector": [0, 0, 0]
						},
						"1.0": {
							"vector": [0, 0, 0]
						},
						"1.5417": {
							"vector": [0, 0, 0]
						},
						"1.8333": {
							"vector": [0, 0, 0]
						},
						"2.375": {
							"vector": [0, 0, 0]
						}
					},
					"scale": {
						"0.0": {
							"vector": [0.3, 0.3, 1]
						},
						"0.75": {
							"vector": [2, 2, 1.5]
						},
						"0.7917": {
							"vector": [0.3, 0.3, 1]
						},
						"1.0": {
							"vector": [0.3, 0.3, 1]
						},
						"1.5417": {
							"vector": [1.5, 1.5, 1]
						},
						"1.5833": {
							"vector": [0.3, 0.3, 1]
						},
						"1.8333": {
							"vector": [0.3, 0.3, 1]
						},
						"2.375": {
							"vector": [1.5, 1.5, 1]
						},
						"2.4167": {
							"vector": [0.3, 0.3, 1]
						}
					}
				}
			}
		}
	}
}